{
  "kango_version": "1.2.4 744e69cf4136", 
  "name": "Slimformation", 
  "creator": "Knight Lab", 
  "description": "Slimformation", 
  "background_scripts": [
    "lib/js/lowline.min.js", 
    "readingScore.js", 
    "main.js"
  ], 
  "homepage_url": "http://slimformation.knightlab.com", 
  "version": "0.1.3", 
  "debug": true, 
  "id": "{d04473cf-d3a0-11e0-9b3e-14d64d08fdac}", 
  "browser_button": {
    "caption": "Slimformation", 
    "icon": "images/icons/16.png", 
    "popup": {
      "url": "popup.html", 
      "width": 400, 
      "height": 500
    }, 
    "tooltipText": "Slimformation"
  }
}